Id,Churn
0,0.0494546675761944
1,0.6870980243052336
2,0.6527764009011611
3,0.01876312866813827
4,0.012479718827479612
5,0.10051929007054089
6,0.48170842190501867
7,0.19498149112562876
8,0.06590601977648093
9,0.2755262606365151
10,0.24813422959883782
11,0.1948367491815879
12,0.3133626046434207
13,0.11047086462906049
14,0.01935385224731745
15,0.036543024826603245
16,0.1720300646971056
17,0.38276004911291694
18,0.030325376319128527
19,0.027643423562435137
20,0.20836513148992739
21,0.0300098658584889
22,0.7940031851468461
23,0.4180136289698687
24,0.1389866663703616
25,0.38339453174806654
26,0.11638634705004207
27,0.025772994844462573
28,0.042969784055112294
29,0.01255204027271558
30,0.6254919957571649
31,0.37094033013674443
32,0.7948308024748914
33,0.5230166477457298
34,0.08413672089185643
35,0.04358819546281927
36,0.6016541001314365
37,0.06286502769337463
38,0.11352282562274586
39,0.03948024772356414
40,0.3272968628409262
41,0.6142374478347522
42,0.3748310889295478
43,0.20851315607162035
44,0.3684825277249745
45,0.30765689251346756
46,0.1766566901683361
47,0.1187931097808393
48,0.2566351448915788
49,0.25395383374561104
50,0.3348939487814753
51,0.8000498035793597
52,0.2873884633786564
53,0.07980558419360083
54,0.4908512323063015
55,0.01332007029676658
56,0.02446670387845718
57,0.6412251594429869
58,0.6042618271547952
59,0.2694246249228664
60,0.024352104583804237
61,0.6046640751810902
62,0.18677676625349868
63,0.1414634691085799
64,0.7870505186931966
65,0.01260934069349801
66,0.18553679192418795
67,0.4411399964516089
68,0.020971276890857874
69,0.6613700231578501
70,0.5356874029882593
71,0.6495043433251162
72,0.05838470794703159
73,0.545839339259236
74,0.8782027480440577
75,0.030337176625306092
76,0.14760489225938248
77,0.06473221193630813
78,0.1501252339191638
79,0.01392589951702588
80,0.45332324696780707
81,0.7526445897998257
82,0.7715707452542241
83,0.16444546580848016
84,0.2566351448915788
85,0.05109027145484846
86,0.0714403596269874
87,0.39723754294330343
88,0.28877000780408096
89,0.2566351448915788
90,0.14054410956343216
91,0.128166431084488
92,0.8592129487149706
93,0.8017625802629553
94,0.013535186584398425
95,0.03738723091347455
96,0.1472216823946187
97,0.7502460557778147
98,0.3252979157166054
99,0.6163590540489358
100,0.02802792634247949
101,0.8781580385136716
102,0.012479718827479612
103,0.597541575487076
104,0.014263352834107772
105,0.7870833451711444
106,0.33992500141508514
107,0.12372785032605267
108,0.017332702057741452
109,0.15876565960874076
110,0.1357726443709806
111,0.07153285386588412
112,0.4764776057624708
113,0.3374375882163215
114,0.017190034784248628
115,0.823621585873422
116,0.029763880555338722
117,0.012893441862321423
118,0.035416190875181726
119,0.7757476933224403
120,0.09278111020703926
121,0.05305709622870192
122,0.2705592916117208
123,0.3707979296237944
124,0.21329490675920293
125,0.19080013248713726
126,0.6978907750404898
127,0.2524344341563304
128,0.22957030199963435
129,0.1573882777250792
130,0.08661875029082144
131,0.038081829104553884
132,0.01321798939489572
133,0.042843096647005224
134,0.24215057123242328
135,0.05941718842955903
136,0.03569488864520631
137,0.013501693367542757
138,0.07660179861825393
139,0.11750077351687978
140,0.02119697476731782
141,0.025720261553632964
142,0.07107730373307028
143,0.0690862518025214
144,0.290462880421029
145,0.13759403204727963
146,0.29784161933165676
147,0.014783175886004632
148,0.01315418876523545
149,0.7534607908143425
150,0.04557429946587321
151,0.5915942421480065
152,0.42333141562517085
153,0.025244514404835907
154,0.29520522023651513
155,0.8614151177411256
156,0.04284098281177689
157,0.11797608332160137
158,0.053501938638877644
159,0.09786294717912834
160,0.24671090803524423
161,0.7154569418022226
162,0.08527052624850652
163,0.04088362341358416
164,0.5348346093341861
165,0.08319752786360467
166,0.0458374550490073
167,0.1309762115856602
168,0.029278239948930775
169,0.5736916502934164
170,0.8064488894294702
171,0.03203956707599369
172,0.4462291384917418
173,0.3652229317032459
174,0.09338000164322623
175,0.5741905808537561
176,0.07946678313766081
177,0.0
178,0.026109574361737962
179,0.8270788205672156
180,0.17330159928324243
181,0.07919587473168832
182,0.050873164027945096
183,0.07997525065299466
184,0.14766696833529122
185,0.019106519885153776
186,0.1062599109067288
187,0.013905968250464805
188,0.03604090837447343
189,0.028974490751575085
190,0.02138071275896395
191,0.013258237985577133
192,0.12395584446799997
193,0.03500584833928834
194,0.4402972418116949
195,0.11726787511911677
196,0.03569287266214662
197,0.1514139301044111
198,0.34776739494006603
199,0.5276583116226264
200,0.5377617000897266
201,0.7045346606578508
202,0.18777525975501227
203,0.671811259794714
204,0.1808770731012118
205,0.015733907042232598
206,0.09920537407968225
207,0.6070104057694765
208,0.758449692060594
209,0.5159847096125086
210,0.22879948982437398
211,0.06406874895338821
212,0.5687227962422681
213,0.02300733908451282
214,0.022616104269628616
215,0.5515542325288577
216,0.8740973746156834
217,0.8004365832511333
218,0.21118877441534142
219,0.5055244008902496
220,0.44775194672334695
221,0.035119164593156234
222,0.04339126298678881
223,0.11158960127910136
224,0.018152136861088557
225,0.5780250955356298
226,0.23781590038251665
227,0.07166025392829473
228,0.46557775670202906
229,0.386869840096322
230,0.012685431991584473
231,0.01614251233662009
232,0.28492373562620493
233,0.01165810425990198
234,0.02660152528978189
235,0.0328987526309219
236,0.7799490899389385
237,0.29965881905747854
238,0.07416466055900615
239,0.3942702747525129
240,0.17650522319637443
241,0.033008669077399536
242,0.11516070417747833
243,0.3919762386364645
244,0.041507996562822926
245,0.07529258657176631
246,0.025505281025528372
247,0.01117688601640928
248,0.08241318054526837
249,0.023976221221993353
250,0.011157953996927455
251,0.027707584253577118
252,0.08555048325855474
253,0.5271723690686055
254,0.3563793851596676
255,0.6679727542670757
256,0.07909987285657434
257,0.13259327920899924
258,0.1785050707277471
259,0.718221605934792
260,0.11495120742390533
261,0.29039542675122926
262,0.24929736893837282
263,0.5335510942297088
264,0.5996789588375543
265,0.34087787213623116
266,0.6380610180052951
267,0.33669721325367724
268,0.2387573382971475
269,0.07951617211020641
270,0.017346407219372802
271,0.012339091219565897
272,0.2944367001331026
273,0.5410152612360066
274,0.04984137687149034
275,0.3620750228004457
276,0.03827055468291868
277,0.053501938638877644
278,0.14756085333560023
279,0.0356424739665267
280,0.549543355881667
281,0.0641740270872417
282,0.5302773301096109
283,0.012824415227885756
284,0.13981113957390842
285,0.014515239943059303
286,0.01815668835927748
287,0.012685431991584473
288,0.10541695193965311
289,0.7151674125976392
290,0.43936280384484183
291,0.6076222259011319
292,0.04923729156115249
293,0.4213271105368387
294,0.5095411409406919
295,0.05791182150061849
296,0.09063967055647222
297,0.490475508072148
298,0.012479718827479612
299,0.2764382981997016
300,0.038422408740898834
301,0.07540719820434252
302,0.0775329367938937
303,0.7540599969112822
304,0.03183905473641195
305,0.17650522319637443
306,0.3974140709827654
307,0.5757366752783042
308,0.7103378783430953
309,0.8304975460109915
310,0.05093919628120919
311,0.015560815419614942
312,0.1053747725915659
313,0.04208180358067157
314,0.41636138512573745
315,0.7927178648559152
316,0.03040043345122362
317,0.33316116313342775
318,0.7710971176779716
319,0.5068557426508178
320,0.349287348956794
321,0.7326713899267615
322,0.5090290451699276
323,0.09123729355453017
324,0.025734558575472934
325,0.7184265535167179
326,0.023657495958209363
327,0.23665099885806648
328,0.014581527146886488
329,0.35155749696978694
330,0.12238791348766208
331,0.29605632607153765
332,0.35606293935795535
333,0.14775145036625248
334,0.6564511705594172
335,0.1235066230972791
336,0.013962690453721992
337,0.2820025851665519
338,0.027872484463326224
339,0.023983208670021187
340,0.5454299961515215
341,0.35030952318005715
342,0.09429183277213128
343,0.1996757149889765
344,0.018750545605123917
345,0.03948024772356414
346,0.4085004719080908
347,0.31251953886182177
348,0.011895580673689921
349,0.3090332436329989
350,0.06784437816851406
351,0.034243663524687995
352,0.2502555067191593
353,0.054416007522614315
354,0.3027597517263655
355,0.02865467410162812
356,0.811535337935336
357,0.5847091155937663
358,0.6431401156062686
359,0.5576697770405886
360,0.17680728550000463
361,0.017057340762893686
362,0.28571134302914375
363,0.05427960062332326
364,0.2902087190012933
365,0.013225395948637728
366,0.0713473434725946
367,0.15520860892078725
368,0.07760655832637213
369,0.06826502858627288
370,0.09586172267650513
371,0.2507460844344048
372,0.04326327571355263
373,0.8744699204543764
374,0.02628616362132464
375,0.1322465464204612
376,0.21463934428741474
377,0.15656862552820758
378,0.6555450150611307
379,0.5642151572084831
380,0.27554227831660677
381,0.05709680444262366
382,0.040129986591885276
383,0.3666360568133279
384,0.24398338608168404
385,0.5351065054671792
386,0.49807679605469657
387,0.023105229479742143
388,0.01137020560000528
389,0.018524477736957742
390,0.6565433686124055
391,0.015660660036051488
392,0.6271771433241161
393,0.40590957856983756
394,0.08805229538272383
395,0.4004964865310804
396,0.03948024772356414
397,0.040557068190210065
398,0.12427674209473016
399,0.019034315369298227
400,0.32358648094796716
401,0.08077282440335676
402,0.019616022674951585
403,0.16919043124442334
404,0.01920484267869775
405,0.5189422318673682
406,0.6116057227659593
407,0.3049577082117467
408,0.2566351448915788
409,0.016861386838963512
410,0.04869515450830516
411,0.05407611946384778
412,0.5756709830475278
413,0.4744664566433634
414,0.2566351448915788
415,0.1692493396498128
416,0.018699162667768384
417,0.4384542046746307
418,0.06375176258539039
419,0.07198008278143822
420,0.3493319054434314
421,0.26444072844326544
422,0.4731705257249077
423,0.13989183682361372
424,0.11648961262421302
425,0.6605694366283855
426,0.1569118570893667
427,0.055701850188762975
428,0.8583296669340873
429,0.1595799556356963
430,0.03749674783646486
431,0.09226715361860094
432,0.6929255404336552
433,0.662473031076764
434,0.5670290576080862
435,0.6704018378537754
436,0.01398453147192985
437,0.03303676152937013
438,0.27091681682808827
439,0.46336917151343415
440,0.08351699153753843
441,0.26894927976736577
442,0.16805475309946064
443,0.0411434489134494
444,0.29243792756163317
445,0.012272995470437488
446,0.02808485777125036
447,0.028207968345541977
448,0.4153528921741252
449,0.07932893365704681
450,0.613242361510031
451,0.3962938931610567
452,0.01975960554183604
453,0.5695430210560753
454,0.05159327328954394
455,0.13110119430533326
456,0.21054255162647964
457,0.015198496755297806
458,0.030132006999421795
459,0.08894241482540434
460,0.18444778150229058
461,0.020066710734021567
462,0.021945386042928332
463,0.0367400502758961
464,0.31251953886182177
465,0.169078518006165
466,0.021871069199270347
467,0.7247753275793827
468,0.19769279350064883
469,0.03262867854765302
470,0.4454041796832783
471,0.3911798943742396
472,0.2566351448915788
473,0.28989650100333997
474,0.6110604186918468
475,0.040928435449173385
476,0.7369748035837683
477,0.0313042684019331
478,0.06943181408238475
479,0.23433270201783699
480,0.28706507783498325
481,0.026086275008518022
482,0.2585958717577236
483,0.6067178358807571
484,0.06701396466176084
485,0.33439119169291637
486,0.563222255166779
487,0.2824140499359335
488,0.013508268673759068
489,0.0629900763113727
490,0.8123632449853455
491,0.3410333966319743
492,0.23025286105358453
493,0.07632528307794305
494,0.05199271653576085
495,0.026802779349687268
496,0.07665631108145413
497,0.04355972510978153
498,0.719244774904115
499,0.05559858543744068
500,0.7415930868121994
501,0.022823575229366233
502,0.19831886372044544
503,0.38756077381607934
504,0.3182232935652926
505,0.01955597041376167
506,0.15152069975757593
507,0.27745389787760066
508,0.6057533034032547
509,0.11231090300251631
510,0.7709260057933344
511,0.30108522231987983
512,0.6251442377169388
513,0.45452306239085494
514,0.1066976853913781
515,0.0577830638245213
516,0.24763729710959956
517,0.8965159090395077
518,0.4740024998799432
519,0.014935964989795556
520,0.5516219768765954
521,0.04481378886913279
522,0.022276579498101072
523,0.1499819101503555
524,0.8685024397833939
525,0.10938059552556187
526,0.30111325873993083
527,0.10760935566857877
528,0.6465235120424925
529,0.07604327709985195
530,0.03482950913393444
531,0.06383528065316753
532,0.1172552458986511
533,0.34692749698912684
534,0.7373293155439331
535,0.6878919065980719
536,0.44150464984002497
537,0.05562464599781191
538,0.5135846398559711
539,0.20098288520509167
540,0.5147631551499475
541,0.7025448334052095
542,0.18881637990034134
543,0.136101259548745
544,0.15732794654806026
545,0.2613955892195609
546,0.44993883911073834
547,0.042640792278282845
548,0.2953065378994929
549,0.048346409040327394
550,0.08374604118332793
551,0.034554731452822826
552,0.019126455714953024
553,0.1599459261525217
554,0.10200242982852513
555,0.056528867886067334
556,0.7189171799586619
557,0.6416399664543682
558,0.10521682957641841
559,0.22593985716743445
560,0.4387762716949163
561,0.013915908785283787
562,0.03535478025721459
563,0.01741932181363741
564,0.22630426526973696
565,0.2821427463543983
566,0.6582220429641078
567,0.08145861292837213
568,0.5267607697417823
569,0.07222813866415927
570,0.01614251233662009
571,0.7119344699838213
572,0.6729137383948556
573,0.17631384874939607
574,0.016208270847205063
575,0.2960052860548871
576,0.22363438355331286
577,0.6012077838632874
578,0.40054481525919133
579,0.7960299471263642
580,0.02139649232565817
581,0.5741521742890164
582,0.014687409873993399
583,0.026068199447079752
584,0.21901807802692885
585,0.026635653903459323
586,0.12717369284734004
587,0.06168030707721171
588,0.8738205915605552
589,0.4211050459474116
590,0.9118495335912488
591,0.07148196026401053
592,0.5602297076265808
593,0.05114958918984704
594,0.386174483772773
595,0.534248027502369
596,0.012479718827479612
597,0.3998637393640498
598,0.46747262221455477
599,0.044483913279779505
600,0.013790631750589777
601,0.17275572188274405
602,0.10041839759243547
603,0.5830860323658095
604,0.042265843286676354
605,0.2559977400670436
606,0.08462163150006557
607,0.612217526239992
608,0.056516880523631186
609,0.1757543889886766
610,0.45935793309644024
611,0.169078518006165
612,0.35968519220625633
613,0.1493340235281932
614,0.0799323982263231
615,0.01317875831409743
616,0.5059297960774457
617,0.1037228620037957
618,0.016000188262334656
619,0.20208843609008423
620,0.03425796063897879
621,0.33021537832143183
622,0.7422397125163511
623,0.8820689476083238
624,0.05846224042721299
625,0.1318566935916786
626,0.022596408984990542
627,0.023897493862967325
628,0.7110521900748329
629,0.15923695536358537
630,0.48257501700044325
631,0.03555625911070924
632,0.5287755365127613
633,0.031239110072235645
634,0.5655438466273169
635,0.02603376930726863
636,0.09353012375745569
637,0.15269937428850955
638,0.180765591123714
639,0.6133362127124656
640,0.8364512170484489
641,0.21856712559906952
642,0.13579155147230015
643,0.130323383190955
644,0.3094974457274321
645,0.029943136108578145
646,0.08253018756729012
647,0.09002892124238547
648,0.013028863881040603
649,0.04227474906281557
650,0.028194206808732032
651,0.7441972346382615
652,0.03543956124754838
653,0.2765927981121696
654,0.2230887950725626
655,0.5657680055834996
656,0.18419926367551584
657,0.12298121499042086
658,0.039664035778270365
659,0.3924512491417621
660,0.046113237390263115
661,0.03067774726903124
662,0.39232774328138575
663,0.284341723274349
664,0.042428218449035604
665,0.7261499276873348
666,0.8981983672969868
667,0.16357165599507395
668,0.022560148444360408
669,0.0151731969296558
670,0.036302725488723125
671,0.46998884981403144
672,0.605681464297061
673,0.3697542055679294
674,0.7434918445782285
675,0.09005085703083787
676,0.014070266724510248
677,0.30214905029652667
678,0.3335745889294796
679,0.640205575705093
680,0.5335510942297088
681,0.12349755117767068
682,0.016281901696240934
683,0.38032291951914
684,0.05191470387473234
685,0.28808074473060746
686,0.03741282741538955
687,0.03311710564044445
688,0.2909579323250509
689,0.21289321320087512
690,0.6403460305199278
691,0.8556692724419053
692,0.3085729107612008
693,0.27274691040670457
694,0.039664035778270365
695,0.5850775090207272
696,0.388391245322842
697,0.012765388256707226
698,0.03592579421706824
699,0.08482720086702868
700,0.05722519974905342
701,0.1085850241835447
702,0.09762265932907756
703,0.08795633274813676
704,0.9117100028157881
705,0.015387846604077281
706,0.07178312857150024
707,0.7815680879959694
708,0.02225535250618973
709,0.06801691606111854
710,0.038191840443046535
711,0.23473309146295504
712,0.3297758359595688
713,0.2821427463543983
714,0.16041299843931758
715,0.17172210516942146
716,0.7998282147341382
717,0.021063655265397586
718,0.42978726869715095
719,0.8262594981313225
720,0.10635863516010716
721,0.2337371087643617
722,0.2303384986999427
723,0.5171355887141655
724,0.1027639917381419
725,0.7252253702177517
726,0.015424424489219315
727,0.33979056599825097
728,0.19325688593677665
729,0.02888005648638698
730,0.013955355606109658
731,0.740506627852757
732,0.013187284460932038
733,0.02935119481024092
734,0.048110765981123876
735,0.515473786929924
736,0.020971276890857874
737,0.2705186508157907
738,0.39701967242206715
739,0.4853096905855077
740,0.2523992874027168
741,0.39007124765727885
742,0.37326845207826315
743,0.42445820534147405
744,0.11532643386926796
745,0.21033966825989162
746,0.06610729131970425
747,0.3029691798543497
748,0.012938904141020304
749,0.6220922693408689
750,0.4745833602139621
751,0.03193098677227592
752,0.17610425098215407
753,0.09334078389853875
754,0.5850886132026533
755,0.09201647860571913
756,0.14366804102953054
757,0.36900239541218216
758,0.07290105017402783
759,0.7091866516808077
760,0.3200585958395647
761,0.6455626714682824
762,0.816142818177786
763,0.1255077052478721
764,0.15487715907123736
765,0.11257230517612116
766,0.4525330770783337
767,0.0
768,0.1412743097414555
769,0.34021775711004804
770,0.5612261217894975
771,0.020675840071032688
772,0.7344299414262855
773,0.15826453219618067
774,0.5829118505810661
775,0.06390607237691664
776,0.07052459251624832
777,0.5842268659722795
778,0.044557806004514346
779,0.5974696154611743
780,0.0802348474621832
781,0.4178361349437778
782,0.5713121812441879
783,0.7180566774774185
784,0.020130018799750897
785,0.5383629857087754
786,0.10944777022773317
787,0.12990652241422143
788,0.4863870133954051
789,0.026943811377178578
790,0.4923799709188196
791,0.6486263236148282
792,0.030952497509864788
793,0.5287389609725983
794,0.6457340143008531
795,0.5297061959002001
796,0.3748760031213867
797,0.015620599635176948
798,0.07154639996437222
799,0.0587809251134953
800,0.28348825221902035
801,0.31237373516768746
802,0.028491262111096892
803,0.7259912969349062
804,0.011492463400297758
805,0.17588756592499943
806,0.012631876916671064
807,0.5696312102172427
808,0.14852766014152405
809,0.20533884762150417
810,0.10944777022773317
811,0.25961631006822977
812,0.33404727484454794
813,0.18705646414355132
814,0.05034865256316776
815,0.623980512463704
816,0.22375081443866804
817,0.32455107527706745
818,0.01719641294003371
819,0.048585278008105616
820,0.12970597730464437
821,0.7758111029663751
822,0.013225395948637728
823,0.04039324937886351
824,0.08424294471152174
825,0.02888005648638698
826,0.017179565087125797
827,0.5037878471915334
828,0.7032269682775941
829,0.709960368592039
830,0.861228614442543
831,0.8364512170484489
832,0.2821427463543983
833,0.34750786942830036
834,0.2599761692161231
835,0.3769001236058445
836,0.06132021972000471
837,0.7382610286767617
838,0.4763425893900851
839,0.3351371205242623
840,0.31251953886182177
841,0.2566351448915788
842,0.12696565861607767
843,0.427105038506694
844,0.022885599368882483
845,0.4110918848755871
846,0.5956745896043173
847,0.8581621897567284
848,0.023456651963868848
849,0.23447082152542592
850,0.4366681092331785
851,0.08712811423980983
852,0.02286216367739245
853,0.26788462276994457
854,0.18487009407366362
855,0.10787998413940102
856,0.5229890660845637
857,0.09650004991592954
858,0.6683944215453171
859,0.014015437090675573
860,0.49754072111633035
861,0.14080529291941601
862,0.08562444620224549
863,0.5228058586329346
864,0.15351043807703935
865,0.03494600011265973
866,0.06321732698580314
867,0.36117337210948874
868,0.19086498930185997
869,0.36680776757623323
870,0.7182263816875244
871,0.10888752447179531
872,0.08862364545422872
873,0.4835688601681695
874,0.6598496545700546
875,0.4037192438958716
876,0.27359496045041676
877,0.1508885706861583
878,0.028379680512955655
879,0.1458501362293908
880,0.15747143493178353
881,0.06202353695846149
882,0.011601947985231181
883,0.7641722158516505
884,0.057522803165543084
885,0.31737195996278444
886,0.21471497250616284
887,0.026442861846390636
888,0.06703544405259991
889,0.2617939929021204
890,0.3033245239038675
891,0.08748133643052192
892,0.013622628662011525
893,0.747075878890118
894,0.044729433541455595
895,0.02003589890692821
896,0.032648690629513845
897,0.4506061837197896
898,0.07244307673446694
899,0.781859221132321
900,0.022046413033657765
901,0.22333810532695392
902,0.08831790674202558
903,0.05576420010607447
904,0.18147719803460222
905,0.011839587355256583
906,0.49139152033846734
907,0.014165202069119101
908,0.03425796063897879
909,0.7769579721258876
910,0.020721489778095698
911,0.022050380890445396
912,0.0135151272729091
913,0.5648627527476942
914,0.12463886192357161
915,0.0415665836133493
916,0.7217680370964119
917,0.5356627929588957
918,0.2566351448915788
919,0.8201074153359731
920,0.15476307426056088
921,0.796805536754468
922,0.08576588400055907
923,0.10117352107128705
924,0.6168688339807672
925,0.08317357998884686
926,0.06823963527082749
927,0.2821427463543983
928,0.07416466055900615
929,0.1506074489720154
930,0.7480723813973418
931,0.4978343927191861
932,0.7729947878174183
933,0.040866405897490896
934,0.09861632962528927
935,0.03948024772356414
936,0.011738712048360108
937,0.31855855849653386
938,0.11764309304393794
939,0.033452970503080964
940,0.0115073623213484
941,0.7175287418800654
942,0.44237640653342164
943,0.015649914719774536
944,0.16618295423362855
945,0.7385508272556734
946,0.3558149042777637
947,0.050208793590866635
948,0.07743003900217724
949,0.40225903114528677
950,0.8017813513946965
951,0.04030862629610921
952,0.2821427463543983
953,0.43056555351528825
954,0.202773522919137
955,0.20415208829255752
956,0.14185254903054212
957,0.3983560476321494
958,0.03948024772356414
959,0.08998614317315105
960,0.3068862012188799
961,0.4159570405132741
962,0.13384108779843126
963,0.028138231859526255
964,0.5441964103390672
965,0.7196484393874608
966,0.19756127680391622
967,0.02228455272272241
968,0.10855489842485994
969,0.04062774708816054
970,0.0213246335121997
971,0.03207759614837204
972,0.3497090422589602
973,0.16247905098514984
974,0.012940973648109927
975,0.46754547927848206
976,0.08681581720493033
977,0.06467137531676034
978,0.4003879243167428
979,0.06962179750160408
980,0.6640970698934674
981,0.07579949007466542
982,0.418621884423711
983,0.014263352834107772
984,0.6258467246031522
985,0.0508771078968907
986,0.061638059167884424
987,0.6207198570297936
988,0.36605661393622363
989,0.051233331271846864
990,0.6632400259498521
991,0.6075282523695321
992,0.19455010649361174
993,0.09633766767567181
994,0.6061333404696819
995,0.4562841181904053
996,0.169078518006165
997,0.011208095508353687
998,0.8464856770030186
999,0.016410502367993015
1000,0.024499775514358668
1001,0.2557746466035202
1002,0.2566351448915788
1003,0.1803908493504417
1004,0.4500681760318108
1005,0.013068813664595813
1006,0.02725166297044871
1007,0.05093030451876223
1008,0.09350150223194559
1009,0.18942871180522217
1010,0.6212548151887529
1011,0.3525605715078306
1012,0.11660564262855391
1013,0.21076227784664525
1014,0.11797081891421198
1015,0.022474146803489126
1016,0.011356162080442673
1017,0.10159249130179339
1018,0.5286332479044933
1019,0.8613831060108452
1020,0.7062507581531553
1021,0.014151310603131422
1022,0.0830769727622936
1023,0.019029357688951382
1024,0.07909987285657434
1025,0.8807812099309918
1026,0.45828498717279087
1027,0.05774684407545193
1028,0.050083384700658
1029,0.7371457803841825
1030,0.24722637378323428
1031,0.011580769675561861
1032,0.047939872075472525
1033,0.1365397324143545
1034,0.08492002402175489
1035,0.611265543358452
1036,0.5729587712029071
1037,0.13410854535121836
1038,0.2689123183572832
1039,0.012063191469087848
1040,0.5698005384423642
1041,0.24906547303634627
1042,0.5674805554247251
1043,0.011601947985231181
1044,0.07476464203906416
1045,0.013068813664595813
1046,0.014659105540578261
1047,0.2679630568730722
1048,0.727049897357817
1049,0.05571080423220316
1050,0.2307850757432998
1051,0.1641289987029581
1052,0.09500473815078751
1053,0.03560619306555006
1054,0.017462849609287127
1055,0.045810702974598945
1056,0.14278407848388516
1057,0.10838521166490972
1058,0.11408177760804224
1059,0.532731548472088
1060,0.46236176499272813
1061,0.052225693968688085
1062,0.0978105654277622
1063,0.0314136145246512
1064,0.0934228407715723
1065,0.38001521439728386
1066,0.07394068687798049
1067,0.18413880281892964
1068,0.029985338557567732
1069,0.011749125048988176
1070,0.0631719247420258
1071,0.1180997523607479
1072,0.08501664350355542
1073,0.17535791727869826
1074,0.0382067456439159
1075,0.03529326294749332
1076,0.05585907936594848
1077,0.45405767926839063
1078,0.11643413021138109
1079,0.5957082991955442
1080,0.025536097450329157
1081,0.8316671507223312
1082,0.4317909955504718
1083,0.054168260814952365
1084,0.589250975020757
1085,0.31132818333054363
1086,0.4201864627826359
1087,0.03227769079272576
1088,0.713520901925721
1089,0.7863170624303842
1090,0.16966773947037958
1091,0.6657367481319708
1092,0.04984137687149034
1093,0.5537183164273768
1094,0.3486732426074867
1095,0.05838470794703159
1096,0.0391487653190465
1097,0.21265761549193754
1098,0.2236844797851064
1099,0.1219485755214765
1100,0.4947083575874068
1101,0.30546465033381237
1102,0.09635423315217989
1103,0.039664035778270365
1104,0.027341693708143523
1105,0.09354031459401317
1106,0.01623604419201015
1107,0.03773628747391836
1108,0.012090842585628446
1109,0.27433072029888866
1110,0.7084488471225274
1111,0.03993287972263524
1112,0.013694000881616873
1113,0.09268326682431796
1114,0.08517366830728039
1115,0.5874262401356741
1116,0.19669257590065115
1117,0.14098787853297395
1118,0.0340185544884649
1119,0.1333855571431526
1120,0.08542717915652379
1121,0.13966398936017244
1122,0.42613006246578733
1123,0.49160599597218857
1124,0.021871069199270347
1125,0.023036006710346495
1126,0.3523978092392782
1127,0.46874277569320794
1128,0.12612430265579874
1129,0.4860772255828647
1130,0.375310270565495
1131,0.027210916494640473
1132,0.1313811893528108
1133,0.12257304203789342
1134,0.7587540644828962
1135,0.6856355917703646
1136,0.017599745164026577
1137,0.0715935689100748
1138,0.5799968849262016
1139,0.013864785944703754
1140,0.6458443829048489
1141,0.5535858711697816
1142,0.07423740833249566
1143,0.09200318708588065
1144,0.4861444289020101
1145,0.2939104662538207
1146,0.08481427750413434
1147,0.16707532243966805
1148,0.015537202633494321
1149,0.04435056868964683
1150,0.3033582124287025
1151,0.3484562359664331
1152,0.5223052262068998
1153,0.013068813664595813
1154,0.12675663943820534
1155,0.11296370917760352
1156,0.011356162080442673
1157,0.19831886372044544
1158,0.5536204632778915
1159,0.8703303315476953
1160,0.013068813664595813
1161,0.2859302543124525
1162,0.2528618097849102
1163,0.21877681670960747
1164,0.017804013202818946
1165,0.5705396964857277
1166,0.11576946918983637
1167,0.013587854283078344
1168,0.1500289308891659
1169,0.013326247156758403
1170,0.05059735327254688
1171,0.04984137687149034
1172,0.22008022702464106
1173,0.07389328512404797
1174,0.1103723371182598
1175,0.6329628690234531
1176,0.2087895255023712
1177,0.03346620935218647
1178,0.41537358059297913
1179,0.06590870453437749
1180,0.02791000012118203
1181,0.014570371707882664
1182,0.26592093592215543
1183,0.0704176725309483
1184,0.1213413142522649
1185,0.13121646152578847
1186,0.6495148864951098
1187,0.5374143790672209
1188,0.011965052164034618
1189,0.10139322592932414
1190,0.10869399310349243
1191,0.048904075927113606
1192,0.21356383943474347
1193,0.4908517439827377
1194,0.5266611347338727
1195,0.05055458145844018
1196,0.11700992833547905
1197,0.09161622531804081
1198,0.04802559489062073
1199,0.20850349717204206
1200,0.07491974756688596
1201,0.022981350864488204
1202,0.026737429150211697
1203,0.5346435985239041
1204,0.2556538271182326
1205,0.1725442167871093
1206,0.482140855354312
1207,0.09459808104476365
1208,0.37423780140498963
1209,0.058485920918667424
1210,0.3614051493404801
1211,0.03496708147714633
1212,0.09226038307485543
1213,0.8954180913506858
1214,0.17085847306142388
1215,0.4003412093292742
1216,0.23409087500966827
1217,0.6627439741466941
1218,0.28440760199987253
1219,0.07677572236789193
1220,0.013874220659012405
1221,0.3444188108949788
1222,0.8726002401707084
1223,0.3491602426123253
1224,0.03430341811241731
1225,0.35078268209217084
1226,0.8201074153359731
1227,0.6805489083413115
1228,0.4997949425241082
1229,0.8557071321687115
1230,0.011873850839361672
1231,0.668963883063579
1232,0.6935391749250199
1233,0.49352657289822977
1234,0.18858833526250354
1235,0.011942940898820276
1236,0.8981983672969868
1237,0.6082827508326706
1238,0.628406584208584
1239,0.016083010863444956
1240,0.1874992005787117
1241,0.05448618702693971
1242,0.01355125601283739
1243,0.7594737983596089
1244,0.013938472485489597
1245,0.08469296709762382
1246,0.427105038506694
1247,0.12342122713745701
1248,0.07208863762512062
1249,0.1110128813498132
1250,0.04841320086407793
1251,0.3462544649695668
1252,0.011748363198718977
1253,0.8748048880048266
1254,0.12689418067609837
1255,0.01084341918198397
1256,0.6235028891227395
1257,0.648479313168788
1258,0.011492083226535865
1259,0.3410333966319743
1260,0.8700777432121022
1261,0.026460230528848345
1262,0.2413301025721475
1263,0.25210195702918964
1264,0.21631528427135874
1265,0.3227299789588465
1266,0.4403598229954735
1267,0.2845417914422836
1268,0.6496532974153538
1269,0.36582168537046955
1270,0.028821659989348044
1271,0.01700650479564748
1272,0.11360350941759784
1273,0.028504864110158457
1274,0.011521052366188233
1275,0.1846247711530678
1276,0.027001774274277517
1277,0.01114343012225642
1278,0.049716808041744796
1279,0.2921689965788863
1280,0.04178544998526097
1281,0.5789915555619813
1282,0.7897161249584111
1283,0.2821427463543983
1284,0.6261453670738298
1285,0.19865037415964448
1286,0.13264217298044936
1287,0.4971575626867498
1288,0.5388411009076737
1289,0.04322705252055376
1290,0.2111392038469218
1291,0.5813166799322628
1292,0.06975190378121456
1293,0.026587186584647548
1294,0.15370062442177565
1295,0.4639733643435132
1296,0.08044217249662
1297,0.27413566824080576
1298,0.3948577975785038
1299,0.48961631718600174
1300,0.5918799876890342
1301,0.873326666371182
1302,0.06706274822480586
1303,0.635374191167484
1304,0.09813633529130246
1305,0.05627273544217104
1306,0.1806350119314664
1307,0.044948960496587934
1308,0.10740374915227027
1309,0.8372534819736759
1310,0.18428346336009194
1311,0.45933010200222063
1312,0.38196173667954786
1313,0.031239110072235645
1314,0.02588940523723707
1315,0.2908025130366708
1316,0.011733079930124632
1317,0.5356766639180833
1318,0.03754529273631223
1319,0.013694000881616873
1320,0.15350453859657157
1321,0.01711762583878912
1322,0.31251953886182177
1323,0.26002693570561375
1324,0.08363297492026912
1325,0.4088748082252153
1326,0.6429973774351839
1327,0.12205932233913108
1328,0.7150082644134316
1329,0.27808273401222205
1330,0.7171319632451008
1331,0.16027116115249512
1332,0.21294132849011635
1333,0.17708595442420857
1334,0.013874220659012405
1335,0.6771254647583227
1336,0.04029159273017335
1337,0.651267168254186
1338,0.014263352834107772
1339,0.7685103277021444
1340,0.030653112351971518
1341,0.2557664241267501
1342,0.01580088416615034
1343,0.08923057578567123
1344,0.04088362341358416
1345,0.12700852594646672
1346,0.05061034292959636
1347,0.012290179584621638
1348,0.7310131160996488
1349,0.02022396281670332
1350,0.02679090044920933
1351,0.027210916494640473
1352,0.04605072455340762
1353,0.36038847635517796
1354,0.2787341875474745
1355,0.6111212933128306
1356,0.0728423395165155
1357,0.42860284869086973
1358,0.01465759271708514
1359,0.18353089980525447
1360,0.13294222155091262
1361,0.10166992357688948
1362,0.601041805636102
1363,0.017096780338425537
1364,0.10145534857145776
1365,0.4633920034979962
1366,0.2694246249228664
1367,0.03995731721350888
1368,0.1619931119350027
1369,0.07307096968912835
1370,0.04111769269849444
1371,0.7374033161671888
1372,0.019976739215807386
1373,0.17648570681188624
1374,0.028340309763023073
1375,0.24163563626309542
1376,0.06799869120348671
1377,0.42149501079046314
1378,0.29550876343534277
1379,0.10096044541933004
1380,0.76054556727951
1381,0.5342558803125573
1382,0.48858346995549884
1383,0.011774825849068787
1384,0.44330758240412205
1385,0.7093889106751495
1386,0.7110696675661907
1387,0.07389328512404797
1388,0.6157492865676157
1389,0.6241351191090198
1390,0.5548773479611114
1391,0.04370335037828315
1392,0.7616918997029063
1393,0.14929954550402166
1394,0.022910385542398302
1395,0.4926868297320015
1396,0.12072787311221098
1397,0.013616055728843965
1398,0.26718681711494013
1399,0.2097571143865104
1400,0.26433464170173254
1401,0.04523166994585708
1402,0.3410333966319743
1403,0.014410744012890657
1404,0.12425987284310597
1405,0.14699648820327502
1406,0.2821427463543983
1407,0.31251953886182177
1408,0.09019318170031412
1409,0.013326247156758403
1410,0.07004444111094936
1411,0.01975960554183604
1412,0.48074505051427235
1413,0.6788903491854397
1414,0.027210916494640473
1415,0.0787304529573979
1416,0.22260369040681913
1417,0.013955355606109658
1418,0.07474718191305174
1419,0.3011587371402489
1420,0.05774684407545193
1421,0.011554022597608954
1422,0.01671352769942007
1423,0.01391944789347927
1424,0.08817907279025042
1425,0.05075357351917684
1426,0.028700257223704742
1427,0.07969297101626671
1428,0.7566399400569076
1429,0.31093027872312473
1430,0.17061249105210569
1431,0.29305066089864273
1432,0.3092682677767103
1433,0.02624141281955113
1434,0.7656062477693472
1435,0.25406542531203286
1436,0.3850274455162176
1437,0.12023718846145771
1438,0.4074417679915179
1439,0.358116409400747
1440,0.2566351448915788
1441,0.40259373427383965
1442,0.07555520458719502
1443,0.6098659799882933
1444,0.19400767747816308
1445,0.13227269783443274
1446,0.28324838843703054
1447,0.18333501663260904
1448,0.13108896124249664
1449,0.8664022004115333
1450,0.04411566951412716
1451,0.7502460557778147
1452,0.5654030335873974
1453,0.02257204145794068
1454,0.18775979836925585
1455,0.0486203570434955
1456,0.08495316676659684
1457,0.16049019544131418
1458,0.17850790539543185
1459,0.8364512170484489
1460,0.7815680879959694
1461,0.01975960554183604
1462,0.0132044366374186
1463,0.2566351448915788
1464,0.32438469086783067
1465,0.599751143317119
1466,0.036806364973320634
1467,0.026358963309038808
1468,0.021028403156992684
1469,0.49863825572650466
1470,0.22025818833298946
1471,0.05229988343752554
1472,0.43301818727012736
1473,0.34202762575239604
1474,0.3582535271730562
1475,0.8069104245339833
1476,0.04168386789256682
1477,0.03200885695423858
1478,0.31117365353906057
1479,0.4101007087130983
1480,0.019567357930617
1481,0.3410333966319743
1482,0.012273401157087038
1483,0.07706846124227214
1484,0.1789944912822457
1485,0.2821427463543983
1486,0.036544422656716764
1487,0.10756916909852934
1488,0.253013037890417
1489,0.18914842573732676
1490,0.6061333404696819
1491,0.022469257590981107
1492,0.014263352834107772
1493,0.18292528752457293
1494,0.6929689528385903
1495,0.45201494526652164
1496,0.31515280858941236
1497,0.1530151546865626
1498,0.2811477928382141
1499,0.10450479109627181
1500,0.041229164985441796
1501,0.048830478261269954
1502,0.01102246097301261
1503,0.10085672095527459
1504,0.9189049350174565
1505,0.3491602426123253
1506,0.6936161128109515
1507,0.2149356453849274
1508,0.6615458750207822
1509,0.5077673882348652
1510,0.08193483500098295
1511,0.03830156986976882
1512,0.1122873018168171
1513,0.18178269494039498
1514,0.036418046922706095
1515,0.5024280592410274
1516,0.05352097396867241
1517,0.5777705883360936
1518,0.36274608003632614
1519,0.11736744927967456
1520,0.04020008868559089
1521,0.11091042849664977
1522,0.01792732819567105
1523,0.20365190440441805
1524,0.017498260099860913
1525,0.587263177360985
1526,0.08240150045830222
1527,0.7238061181315633
1528,0.06958695420512173
1529,0.5265809623510301
1530,0.1969310285475369
1531,0.10858609783752556
1532,0.011839587355256583
1533,0.13216383050422462
1534,0.026717957702273393
1535,0.20659443311922243
1536,0.0627615469841132
1537,0.2909882037218567
1538,0.01102246097301261
1539,0.5587587532922188
1540,0.05750981467929299
1541,0.5794702012773464
1542,0.32943409815416075
1543,0.011733079930124632
1544,0.03525650228120732
1545,0.5683560146705412
1546,0.13080535832886048
1547,0.33665272728266854
1548,0.46755643083188736
1549,0.0884683555257501
1550,0.8365835406130655
1551,0.600564624331849
1552,0.38715297648894575
1553,0.013410037316722804
1554,0.017823098047573833
1555,0.03966526118317693
1556,0.3289341151332436
1557,0.5353027330226741
1558,0.03862616722909332
1559,0.01946063807006503
1560,0.25753110186954675
1561,0.018613726113889735
1562,0.04139771712734652
1563,0.5112344753102923
1564,0.10727130734145641
1565,0.22148013640924855
1566,0.026354437519431412
1567,0.07258364703925058
1568,0.7791825817711283
1569,0.01791854142482317
1570,0.32334127923978306
1571,0.09798233011420976
1572,0.1698087379633387
1573,0.01864879488986848
1574,0.49460448111274125
1575,0.8468466439047432
1576,0.0467443480518756
1577,0.05693232095457264
1578,0.2203571579912121
1579,0.3098271276092619
1580,0.7757476933224403
1581,0.047384853214205686
1582,0.2821427463543983
1583,0.016170481525901153
1584,0.5833323903354073
1585,0.42445820534147405
1586,0.03166271696542079
1587,0.07278156914944811
1588,0.013298238587412544
1589,0.36383666608344456
1590,0.35877973246722483
1591,0.34489224015525166
1592,0.8139355362367501
1593,0.1640753686510722
1594,0.012479718827479612
1595,0.27137919074900496
1596,0.13438074589519158
1597,0.13095519026069521
1598,0.1078234005591156
1599,0.3598207590269327
1600,0.6271133412517956
1601,0.39431052891413115
1602,0.7025265382005118
1603,0.5458346611766134
1604,0.022651742851034013
1605,0.2020427735956154
1606,0.1248050703596094
1607,0.17335704817342712
1608,0.02411420167995442
1609,0.5482332548959918
1610,0.0728051603111184
1611,0.25013033791410516
1612,0.7756191994344774
1613,0.13091400944030876
1614,0.186153760182732
1615,0.1785050707277471
1616,0.31484753261698584
1617,0.19050651683391534
1618,0.38269314018248385
1619,0.4788276904463355
1620,0.03779262708689833
1621,0.3403309395889646
1622,0.04158124908762809
1623,0.37122953529760805
1624,0.026663765377911455
1625,0.05133744244064089
1626,0.013925640894839005
1627,0.10205154204977847
1628,0.5366917368859654
1629,0.3363608436406867
1630,0.10552510950425167
1631,0.038243301715287996
1632,0.2600135104761326
1633,0.10355955334795165
1634,0.12758775980343795
1635,0.013187284460932038
1636,0.014808166340187246
1637,0.9026713986962042
1638,0.6651097360511548
1639,0.47601045940476294
1640,0.5995676689152034
1641,0.20767963095681427
1642,0.04174350951055616
1643,0.16986262761913257
1644,0.2953845590164076
1645,0.33535668017409426
1646,0.041640425903000176
1647,0.3739277798747753
1648,0.2254334468865679
1649,0.49919461241898627
1650,0.04908259842540754
1651,0.10944777022773317
1652,0.14299394957906392
1653,0.6618296674471379
1654,0.0275088398796331
1655,0.3150828129621885
1656,0.04555732919640945
1657,0.03462345289054918
1658,0.02985365767501363
1659,0.34559640877627124
1660,0.22916120246010038
1661,0.022105442178705987
1662,0.013657832232304557
1663,0.3059276710662358
1664,0.16712705127124372
1665,0.8450580351874954
1666,0.15452899404402987
1667,0.15986591073787068
1668,0.03560454656794124
1669,0.08346052668939077
1670,0.8372534819736759
1671,0.31251953886182177
1672,0.07678924980765724
1673,0.11821082751685398
1674,0.047303100880309465
1675,0.30716159273940075
1676,0.385108089517006
1677,0.024927189321902864
1678,0.35245748645144453
1679,0.21988120647858453
1680,0.12982804341449797
1681,0.02244874272702691
1682,0.6412577564152406
1683,0.35903039165394013
1684,0.6203358922824246
1685,0.018013216629981274
1686,0.7345532102231765
1687,0.21116343823603254
1688,0.2992688109772457
1689,0.0864252964142806
1690,0.024053616118819312
1691,0.3802065862914041
1692,0.10723057370069748
1693,0.48301751505047497
1694,0.054816600838819486
1695,0.18503530116837016
1696,0.48712572903755064
1697,0.2660038611584821
1698,0.10687017919499064
1699,0.1384887845437041
1700,0.04796566941798268
1701,0.18466184052085752
1702,0.03291820482834257
1703,0.03645298210321929
1704,0.6901188900882821
1705,0.1534158956105902
1706,0.5335510942297088
1707,0.26312066689066704
1708,0.566919017379873
1709,0.541345159493578
1710,0.015340258990592106
1711,0.3410333966319743
1712,0.03862616722909332
1713,0.4941807753940871
1714,0.10529777387466827
1715,0.014191989208953322
1716,0.3461085276579659
1717,0.013659529433362698
1718,0.018633093757682313
1719,0.33139561949294105
1720,0.011580769675561861
1721,0.6815693143194335
1722,0.41344450581556674
1723,0.015606410109711066
1724,0.767503900473903
1725,0.4069298550194674
1726,0.4875671284735309
1727,0.07123993178597711
1728,0.02247661913878863
1729,0.745855904763571
1730,0.6722235852660695
1731,0.5403341022363902
1732,0.3700495351257341
1733,0.057092132318049216
1734,0.3037755422234756
1735,0.4481306527061924
1736,0.06695427794521483
1737,0.5922067078791768
1738,0.023322481961638483
1739,0.0333394813447486
1740,0.6009738916143934
1741,0.20079919285716663
1742,0.01465658296410299
1743,0.2039797612312648
1744,0.018496361867800376
1745,0.017292877521415655
1746,0.25395383374561104
1747,0.02354739708080438
1748,0.08717457335680309
1749,0.011458013015337014
1750,0.3047088534727526
1751,0.5319520471085857
1752,0.19796013065149962
1753,0.6607778603518875
1754,0.05750981467929299
1755,0.06865619815119908
1756,0.1077831801086719
1757,0.020415103560362167
1758,0.8262871614851597
1759,0.5611466874252392
1760,0.017326092810853958
